{"kech2.mp4": {"counting": {"count_per_class": {"bicycle": 0.0, "car": 8.0, "motorcycle": 1.0, "bus": 0.0, "truck": 1.0}, "total_count": 10}, "processing time": {"Preprocessing": 0.9355959892272949, "Detection": 2.726154088973999, "Postprocessing": 0.6323873996734619, "Tracking": 0.48687124252319336, "Counting": 0.03958392143249512}}, "kech3.mp4": {"counting": {"count_per_class": {"bicycle": 0.0, "car": 5.0, "motorcycle": 0.0, "bus": 0.0, "truck": 0.0}, "total_count": 5}, "processing time": {"Preprocessing": 0.7678380012512207, "Detection": 2.322761297225952, "Postprocessing": 0.5566830635070801, "Tracking": 0.3546638488769531, "Counting": 0.07652068138122559}}, "kech4.mp4": {"counting": {"count_per_class": {"bicycle": 0.0, "car": 6.0, "motorcycle": 0.0, "bus": 0.0, "truck": 0.0}, "total_count": 6}, "processing time": {"Preprocessing": 1.022353172302246, "Detection": 2.458956718444824, "Postprocessing": 0.6619381904602051, "Tracking": 0.4171726703643799, "Counting": 0.035126686096191406}}, "kech5.mp4": {"counting": {"count_per_class": {"bicycle": 0.0, "car": 3.0, "motorcycle": 0.0, "bus": 0.0, "truck": 0.0}, "total_count": 3}, "processing time": {"Preprocessing": 0.7336652278900146, "Detection": 2.4034972190856934, "Postprocessing": 0.5614297389984131, "Tracking": 0.42621326446533203, "Counting": 0.031522274017333984}}, "kech6.mp4": {"counting": {"count_per_class": {"bicycle": 0.0, "car": 0.0, "motorcycle": 0.0, "bus": 0.0, "truck": 0.0}, "total_count": 0}, "processing time": {"Preprocessing": 0.07707500457763672, "Detection": 0.24801230430603027, "Postprocessing": 0.041530609130859375, "Tracking": 0.019997358322143555, "Counting": 0.009999990463256836}}, "kech7.mp4": {"counting": {"count_per_class": {"bicycle": 0.0, "car": 8.0, "motorcycle": 1.0, "bus": 0.0, "truck": 0.0}, "total_count": 9}, "processing time": {"Preprocessing": 1.04374361038208, "Detection": 3.118553400039673, "Postprocessing": 0.5888426303863525, "Tracking": 0.3481485843658447, "Counting": 0.0379643440246582}}, "kech8.mp4": {"counting": {"count_per_class": {"bicycle": 0.0, "car": 7.0, "motorcycle": 1.0, "bus": 0.0, "truck": 1.0}, "total_count": 9}, "processing time": {"Preprocessing": 0.9266083240509033, "Detection": 3.877776622772217, "Postprocessing": 0.8126673698425293, "Tracking": 0.32334017753601074, "Counting": 0.11239218711853027}}, "kech9.mp4": {"counting": {"count_per_class": {"bicycle": 2.0, "car": 8.0, "motorcycle": 3.0, "bus": 3.0, "truck": 2.0}, "total_count": 18}, "processing time": {"Preprocessing": 0.9541726112365723, "Detection": 4.7409281730651855, "Postprocessing": 0.9825806617736816, "Tracking": 0.7590343952178955, "Counting": 0.1146249771118164}}, "kech10.mp4": {"counting": {"count_per_class": {"bicycle": 0.0, "car": 7.0, "motorcycle": 0.0, "bus": 0.0, "truck": 0.0}, "total_count": 7}, "processing time": {"Preprocessing": 0.23139333724975586, "Detection": 1.3396856784820557, "Postprocessing": 0.21318793296813965, "Tracking": 0.21271443367004395, "Counting": 0.05519747734069824}}, "kech11.mp4": {"counting": {"count_per_class": {"bicycle": 0.0, "car": 8.0, "motorcycle": 0.0, "bus": 0.0, "truck": 0.0}, "total_count": 8}, "processing time": {"Preprocessing": 0.7451131343841553, "Detection": 3.4989755153656006, "Postprocessing": 0.6068806648254395, "Tracking": 0.32409143447875977, "Counting": 0.08722329139709473}}, "kech12.mp4": {"counting": {"count_per_class": {"bicycle": 0.0, "car": 3.0, "motorcycle": 1.0, "bus": 0.0, "truck": 0.0}, "total_count": 4}, "processing time": {"Preprocessing": 0.16585278511047363, "Detection": 1.1117727756500244, "Postprocessing": 0.2087571620941162, "Tracking": 0.13927483558654785, "Counting": 0.02286052703857422}}, "kech13.mp4": {"counting": {"count_per_class": {"bicycle": 0.0, "car": 1.0, "motorcycle": 0.0, "bus": 0.0, "truck": 0.0}, "total_count": 1}, "processing time": {"Preprocessing": 0.0878136157989502, "Detection": 0.5366687774658203, "Postprocessing": 0.0979926586151123, "Tracking": 0.020627260208129883, "Counting": 0.006757259368896484}}, "kech14.mp4": {"counting": {"count_per_class": {"bicycle": 0.0, "car": 5.0, "motorcycle": 2.0, "bus": 0.0, "truck": 0.0}, "total_count": 7}, "processing time": {"Preprocessing": 0.5483272075653076, "Detection": 2.509023666381836, "Postprocessing": 0.4590299129486084, "Tracking": 0.23248505592346191, "Counting": 0.06992650032043457}}, "kech15.mp4": {"counting": {"count_per_class": {"bicycle": 0.0, "car": 2.0, "motorcycle": 1.0, "bus": 0.0, "truck": 3.0}, "total_count": 6}, "processing time": {"Preprocessing": 0.44419145584106445, "Detection": 1.912964105606079, "Postprocessing": 0.40331149101257324, "Tracking": 0.2774629592895508, "Counting": 0.04470229148864746}}, "kech16.mp4": {"counting": {"count_per_class": {"bicycle": 1.0, "car": 8.0, "motorcycle": 2.0, "bus": 0.0, "truck": 1.0}, "total_count": 12}, "processing time": {"Preprocessing": 0.9475984573364258, "Detection": 4.456866025924683, "Postprocessing": 0.8560075759887695, "Tracking": 0.487593412399292, "Counting": 0.12948846817016602}}, "kech17.mp4": {"counting": {"count_per_class": {"bicycle": 0.0, "car": 7.0, "motorcycle": 1.0, "bus": 0.0, "truck": 1.0}, "total_count": 9}, "processing time": {"Preprocessing": 0.6005892753601074, "Detection": 2.56095290184021, "Postprocessing": 0.4775221347808838, "Tracking": 0.20007586479187012, "Counting": 0.0307009220123291}}, "kech18.mp4": {"counting": {"count_per_class": {"bicycle": 0.0, "car": 2.0, "motorcycle": 2.0, "bus": 0.0, "truck": 0.0}, "total_count": 4}, "processing time": {"Preprocessing": 0.3704965114593506, "Detection": 1.771390676498413, "Postprocessing": 0.36083197593688965, "Tracking": 0.16051006317138672, "Counting": 0.0493617057800293}}, "kech19.mp4": {"counting": {"count_per_class": {"bicycle": 3.0, "car": 9.0, "motorcycle": 0.0, "bus": 0.0, "truck": 0.0}, "total_count": 12}, "processing time": {"Preprocessing": 0.8001227378845215, "Detection": 2.840280771255493, "Postprocessing": 0.7001791000366211, "Tracking": 0.5250685214996338, "Counting": 0.07576251029968262}}, "kech20.mp4": {"counting": {"count_per_class": {"bicycle": 3.0, "car": 10.0, "motorcycle": 2.0, "bus": 2.0, "truck": 0.0}, "total_count": 17}, "processing time": {"Preprocessing": 0.5472774505615234, "Detection": 2.890098810195923, "Postprocessing": 0.6872191429138184, "Tracking": 0.714766263961792, "Counting": 0.06541156768798828}}, "kech21.mp4": {"counting": {"count_per_class": {"bicycle": 0.0, "car": 4.0, "motorcycle": 2.0, "bus": 1.0, "truck": 0.0}, "total_count": 7}, "processing time": {"Preprocessing": 0.37828493118286133, "Detection": 1.183976650238037, "Postprocessing": 0.19294071197509766, "Tracking": 0.19258618354797363, "Counting": 0.02001643180847168}}, "kech22.mp4": {"counting": {"count_per_class": {"bicycle": 0.0, "car": 2.0, "motorcycle": 0.0, "bus": 0.0, "truck": 0.0}, "total_count": 2}, "processing time": {"Preprocessing": 0.2133643627166748, "Detection": 0.5890185832977295, "Postprocessing": 0.09656620025634766, "Tracking": 0.12304139137268066, "Counting": 0.009998321533203125}}, "kech23.mp4": {"counting": {"count_per_class": {"bicycle": 0.0, "car": 8.0, "motorcycle": 0.0, "bus": 1.0, "truck": 0.0}, "total_count": 9}, "processing time": {"Preprocessing": 1.9556465148925781, "Detection": 4.1779584884643555, "Postprocessing": 1.0518994331359863, "Tracking": 0.5570001602172852, "Counting": 0.1061091423034668}}, "kech24.mp4": {"counting": {"count_per_class": {"bicycle": 0.0, "car": 37.0, "motorcycle": 1.0, "bus": 1.0, "truck": 3.0}, "total_count": 42}, "processing time": {"Preprocessing": 0.7513597011566162, "Detection": 3.569549560546875, "Postprocessing": 0.923731803894043, "Tracking": 0.9713630676269531, "Counting": 0.11482834815979004}}, "kech25.mp4": {"counting": {"count_per_class": {"bicycle": 1.0, "car": 29.0, "motorcycle": 0.0, "bus": 1.0, "truck": 3.0}, "total_count": 34}, "processing time": {"Preprocessing": 0.8623740673065186, "Detection": 3.276207447052002,