{"kech2.mp4": {"counting": {"count_per_class": {"bicycle": 0.0, "car": 9.0, "motorcycle": 2.0, "bus": 0.0, "truck": 0.0}, "total_count": 11}, "processing time": {"Preprocessing": 2.3353495597839355, "Detection": 6.069080114364624, "Postprocessing": 1.5945498943328857, "Tracking": 0.9409749507904053, "Counting": 0.19208979606628418}}, "kech3.mp4": {"counting": {"count_per_class": {"bicycle": 0.0, "car": 7.0, "motorcycle": 0.0, "bus": 0.0, "truck": 0.0}, "total_count": 7}, "processing time": {"Preprocessing": 1.3190133571624756, "Detection": 5.4246461391448975, "Postprocessing": 1.275477647781372, "Tracking": 0.9406468868255615, "Counting": 0.15308737754821777}}, "kech4.mp4": {"counting": {"count_per_class": {"bicycle": 0.0, "car": 7.0, "motorcycle": 2.0, "bus": 0.0, "truck": 0.0}, "total_count": 9}, "processing time": {"Preprocessing": 1.954833745956421, "Detection": 7.19047474861145, "Postprocessing": 1.4125163555145264, "Tracking": 0.9549851417541504, "Counting": 0.16006088256835938}}, "kech5.mp4": {"counting": {"count_per_class": {"bicycle": 0.0, "car": 3.0, "motorcycle": 0.0, "bus": 1.0, "truck": 0.0}, "total_count": 4}, "processing time": {"Preprocessing": 1.5638480186462402, "Detection": 8.736525058746338, "Postprocessing": 1.021728277206421, "Tracking": 0.5308845043182373, "Counting": 0.14844274520874023}}, "kech6.mp4": {"counting": {"count_per_class": {"bicycle": 1.0, "car": 0.0, "motorcycle": 1.0, "bus": 0.0, "truck": 0.0}, "total_count": 2}, "processing time": {"Preprocessing": 0.13519692420959473, "Detection": 0.5941143035888672, "Postprocessing": 0.08523869514465332, "Tracking": 0.04442620277404785, "Counting": 0.005902290344238281}}, "kech7.mp4": {"counting": {"count_per_class": {"bicycle": 1.0, "car": 10.0, "motorcycle": 4.0, "bus": 1.0, "truck": 1.0}, "total_count": 17}, "processing time": {"Preprocessing": 1.7338590621948242, "Detection": 8.322739124298096, "Postprocessing": 1.4584317207336426, "Tracking": 0.4795205593109131, "Counting": 0.12722301483154297}}, "kech8.mp4": {"counting": {"count_per_class": {"bicycle": 0.0, "car": 9.0, "motorcycle": 7.0, "bus": 0.0, "truck": 3.0}, "total_count": 19}, "processing time": {"Preprocessing": 1.9677481651306152, "Detection": 9.033692836761475, "Postprocessing": 1.502744436264038, "Tracking": 0.5083515644073486, "Counting": 0.15238451957702637}}, "kech9.mp4": {"counting": {"count_per_class": {"bicycle": 2.0, "car": 11.0, "motorcycle": 8.0, "bus": 3.0, "truck": 0.0}, "total_count": 24}, "processing time": {"Preprocessing": 2.0188984870910645, "Detection": 9.795620679855347, "Postprocessing": 1.6420910358428955, "Tracking": 0.9313697814941406, "Counting": 0.24221110343933105}}, "kech10.mp4": {"counting": {"count_per_class": {"bicycle": 0.0, "car": 9.0, "motorcycle": 3.0, "bus": 0.0, "truck": 0.0}, "total_count": 12}, "processing time": {"Preprocessing": 0.4487781524658203, "Detection": 2.1906094551086426, "Postprocessing": 0.3799300193786621, "Tracking": 0.29673171043395996, "Counting": 0.05584216117858887}}, "kech11.mp4": {"counting": {"count_per_class": {"bicycle": 2.0, "car": 9.0, "motorcycle": 5.0, "bus": 0.0, "truck": 0.0}, "total_count": 16}, "processing time": {"Preprocessing": 1.6797914505004883, "Detection": 7.227945566177368, "Postprocessing": 0.9204957485198975, "Tracking": 0.5079560279846191, "Counting": 0.09763789176940918}}, "kech12.mp4": {"counting": {"count_per_class": {"bicycle": 0.0, "car": 3.0, "motorcycle": 4.0, "bus": 0.0, "truck": 0.0}, "total_count": 7}, "processing time": {"Preprocessing": 0.5722463130950928, "Detection": 2.105445623397827, "Postprocessing": 0.35816454887390137, "Tracking": 0.10700750350952148, "Counting": 0.055536508560180664}}, "kech13.mp4": {"counting": {"count_per_class": {"bicycle": 0.0, "car": 1.0, "motorcycle": 1.0, "bus": 0.0, "truck": 0.0}, "total_count": 2}, "processing time": {"Preprocessing": 0.21193766593933105, "Detection": 1.0681955814361572, "Postprocessing": 0.12266659736633301, "Tracking": 0.030397653579711914, "Counting": 0.023698806762695312}}, "kech14.mp4": {"counting": {"count_per_class": {"bicycle": 0.0, "car": 5.0, "motorcycle": 4.0, "bus": 0.0, "truck": 0.0}, "total_count": 9}, "processing time": {"Preprocessing": 1.0970067977905273, "Detection": 4.750739574432373, "Postprocessing": 0.6970558166503906, "Tracking": 0.34901857376098633, "Counting": 0.08402252197265625}}, "kech15.mp4": {"counting": {"count_per_class": {"bicycle": 0.0, "car": 3.0, "motorcycle": 8.0, "bus": 1.0, "truck": 1.0}, "total_count": 13}, "processing time": {"Preprocessing": 0.8155636787414551, "Detection": 3.6035759449005127, "Postprocessing": 0.6396896839141846, "Tracking": 0.3496272563934326, "Counting": 0.07968807220458984}}, "kech16.mp4": {"counting": {"count_per_class": {"bicycle": 1.0, "car": 8.0, "motorcycle": 9.0, "bus": 0.0, "truck": 3.0}, "total_count": 21}, "processing time": {"Preprocessing": 2.128024101257324, "Detection": 8.920007467269897, "Postprocessing": 1.2817449569702148, "Tracking": 0.5406720638275146, "Counting": 0.1428377628326416}}, "kech17.mp4": {"counting": {"count_per_class": {"bicycle": 0.0, "car": 7.0, "motorcycle": 3.0, "bus": 0.0, "truck": 1.0}, "total_count": 11}, "processing time": {"Preprocessing": 1.203291654586792, "Detection": 5.905447721481323, "Postprocessing": 0.875586986541748, "Tracking": 0.3709700107574463, "Counting": 0.10677814483642578}}, "kech18.mp4": {"counting": {"count_per_class": {"bicycle": 1.0, "car": 2.0, "motorcycle": 4.0, "bus": 0.0, "truck": 0.0}, "total_count": 7}, "processing time": {"Preprocessing": 0.7116727828979492, "Detection": 4.069100618362427, "Postprocessing": 0.5668163299560547, "Tracking": 0.2570936679840088, "Counting": 0.020344257354736328}}, "kech19.mp4": {"counting": {"count_per_class": {"bicycle": 2.0, "car": 10.0, "motorcycle": 7.0, "bus": 0.0, "truck": 0.0}, "total_count": 19}, "processing time": {"Preprocessing": 1.2918474674224854, "Detection": 9.08654260635376, "Postprocessing": 1.3013029098510742, "Tracking": 0.852442741394043, "Counting": 0.11800169944763184}}, "kech20.mp4": {"counting": {"count_per_class": {"bicycle": 3.0, "car": 10.0, "motorcycle": 10.0, "bus": 2.0, "truck": 0.0}, "total_count": 25}, "processing time": {"Preprocessing": 1.287858486175537, "Detection": 5.807298421859741, "Postprocessing": 1.2826159000396729, "Tracking": 1.2020704746246338, "Counting": 0.1885206699371338}}, "kech21.mp4": {"counting": {"count_per_class": {"bicycle": 0.0, "car": 4.0, "motorcycle": 2.0, "bus": 1.0, "truck": 0.0}, "total_count": 7}, "processing time": {"Preprocessing": 1.0040771961212158, "Detection": 4.556061029434204, "Postprocessing": 0.5461270809173584, "Tracking": 0.42671680450439453, "Counting": 0.028162240982055664}}, "kech22.mp4": {"counting": {"count_per_class": {"bicycle": 0.0, "car": 2.0, "motorcycle": 0.0, "bus": 0.0, "truck": 0.0}, "total_count": 2}, "processing time": {"Preprocessing": 0.5679886341094971, "Detection": 2.811199903488159, "Postprocessing": 0.3145277500152588, "Tracking": 0.17871451377868652, "Counting": 0.03803086280822754}}, "kech23.mp4": {"counting": {"count_per_class": {"bicycle": 0.0, "car": 9.0, "motorcycle": 0.0, "bus": 1.0, "truck": 0.0}, "total_count": 10}, "processing time": {"Preprocessing": 4.472019195556641, "Detection": 22.954721689224243, "Postprocessing": 1.9806938171386719, "Tracking": 1.1845057010650635, "Counting": 0.2758016586303711}}, "kech24.mp4": {"counting": {"count_per_class": {"bicycle": 0.0, "car": 39.0, "motorcycle": 9.0, "bus": 0.0, "truck": 4.0}, "total_count": 52}, "processing time": {"Preprocessing": 1.6951448917388916, "Detection": 7.896735429763794, "Postprocessing": 1.5040805339813232, "Tracking": 1.8120503425598145, "Counting": 0.20237207412719727}}, "kech25.mp4": {"counting": {"count_per_class": {"bicycle": 2.0, "car": 29.0, "motorcycle": 5.0, "bus": 2.0, "truck": 3.0}, "total_count": 41}, "processing time": {"Preprocessing": 2.0231354236602783, "Detection": 9.016595840454102, "Postprocessing": 1.62386155128479,