{"kech2.mp4": {"counting": {"count_per_class": {"bicycle": 0.0, "car": 9.0, "motorcycle": 1.0, "bus": 0.0, "truck": 0.0}, "total_count": 10}, "processing time": {"Preprocessing": 0.8303494453430176, "Detection": 1.662365198135376, "Postprocessing": 0.556584358215332, "Tracking": 0.3119187355041504, "Counting": 0.059047698974609375}}, "kech3.mp4": {"counting": {"count_per_class": {"bicycle": 0.0, "car": 7.0, "motorcycle": 0.0, "bus": 0.0, "truck": 0.0}, "total_count": 7}, "processing time": {"Preprocessing": 0.4786219596862793, "Detection": 1.6401994228363037, "Postprocessing": 0.4687047004699707, "Tracking": 0.1778244972229004, "Counting": 0.026041746139526367}}, "kech4.mp4": {"counting": {"count_per_class": {"bicycle": 0.0, "car": 7.0, "motorcycle": 1.0, "bus": 0.0, "truck": 0.0}, "total_count": 8}, "processing time": {"Preprocessing": 0.7195696830749512, "Detection": 1.997492790222168, "Postprocessing": 0.5562653541564941, "Tracking": 0.2973017692565918, "Counting": 0.030099153518676758}}, "kech5.mp4": {"counting": {"count_per_class": {"bicycle": 0.0, "car": 2.0, "motorcycle": 0.0, "bus": 0.0, "truck": 0.0}, "total_count": 2}, "processing time": {"Preprocessing": 0.5354125499725342, "Detection": 1.8571736812591553, "Postprocessing": 0.36931824684143066, "Tracking": 0.22743439674377441, "Counting": 0.05418109893798828}}, "kech6.mp4": {"counting": {"count_per_class": {"bicycle": 0.0, "car": 0.0, "motorcycle": 0.0, "bus": 0.0, "truck": 0.0}, "total_count": 0}, "processing time": {"Preprocessing": 0.040000200271606445, "Detection": 0.24626374244689941, "Postprocessing": 0.03699755668640137, "Tracking": 0.036512136459350586, "Counting": 0.0}}, "kech7.mp4": {"counting": {"count_per_class": {"bicycle": 0.0, "car": 8.0, "motorcycle": 1.0, "bus": 1.0, "truck": 1.0}, "total_count": 11}, "processing time": {"Preprocessing": 0.6093370914459229, "Detection": 2.526562213897705, "Postprocessing": 0.40195488929748535, "Tracking": 0.11375570297241211, "Counting": 0.04510855674743652}}, "kech8.mp4": {"counting": {"count_per_class": {"bicycle": 0.0, "car": 8.0, "motorcycle": 3.0, "bus": 0.0, "truck": 2.0}, "total_count": 13}, "processing time": {"Preprocessing": 0.6899099349975586, "Detection": 2.6470494270324707, "Postprocessing": 0.4894890785217285, "Tracking": 0.22449135780334473, "Counting": 0.04410123825073242}}, "kech9.mp4": {"counting": {"count_per_class": {"bicycle": 2.0, "car": 11.0, "motorcycle": 5.0, "bus": 3.0, "truck": 0.0}, "total_count": 21}, "processing time": {"Preprocessing": 1.0090298652648926, "Detection": 3.2368736267089844, "Postprocessing": 0.868657112121582, "Tracking": 0.5680122375488281, "Counting": 0.0896601676940918}}, "kech10.mp4": {"counting": {"count_per_class": {"bicycle": 0.0, "car": 9.0, "motorcycle": 1.0, "bus": 0.0, "truck": 0.0}, "total_count": 10}, "processing time": {"Preprocessing": 0.16810250282287598, "Detection": 0.853036642074585, "Postprocessing": 0.19784283638000488, "Tracking": 0.09514760971069336, "Counting": 0.0015153884887695312}}, "kech11.mp4": {"counting": {"count_per_class": {"bicycle": 0.0, "car": 8.0, "motorcycle": 2.0, "bus": 0.0, "truck": 0.0}, "total_count": 10}, "processing time": {"Preprocessing": 0.4239461421966553, "Detection": 2.1026268005371094, "Postprocessing": 0.4041883945465088, "Tracking": 0.23373627662658691, "Counting": 0.03722429275512695}}, "kech12.mp4": {"counting": {"count_per_class": {"bicycle": 0.0, "car": 3.0, "motorcycle": 4.0, "bus": 0.0, "truck": 0.0}, "total_count": 7}, "processing time": {"Preprocessing": 0.17826342582702637, "Detection": 0.5114901065826416, "Postprocessing": 0.1126260757446289, "Tracking": 0.07494282722473145, "Counting": 0.014089107513427734}}, "kech13.mp4": {"counting": {"count_per_class": {"bicycle": 0.0, "car": 1.0, "motorcycle": 0.0, "bus": 0.0, "truck": 0.0}, "total_count": 1}, "processing time": {"Preprocessing": 0.09004473686218262, "Detection": 0.2655787467956543, "Postprocessing": 0.07005047798156738, "Tracking": 0.0, "Counting": 0.0}}, "kech14.mp4": {"counting": {"count_per_class": {"bicycle": 1.0, "car": 5.0, "motorcycle": 2.0, "bus": 0.0, "truck": 0.0}, "total_count": 8}, "processing time": {"Preprocessing": 0.43384885787963867, "Detection": 1.1103277206420898, "Postprocessing": 0.24721527099609375, "Tracking": 0.12268686294555664, "Counting": 0.02508997917175293}}, "kech15.mp4": {"counting": {"count_per_class": {"bicycle": 0.0, "car": 3.0, "motorcycle": 2.0, "bus": 1.0, "truck": 1.0}, "total_count": 7}, "processing time": {"Preprocessing": 0.2784287929534912, "Detection": 0.9962694644927979, "Postprocessing": 0.2412559986114502, "Tracking": 0.15723490715026855, "Counting": 0.023547887802124023}}, "kech16.mp4": {"counting": {"count_per_class": {"bicycle": 1.0, "car": 8.0, "motorcycle": 3.0, "bus": 0.0, "truck": 2.0}, "total_count": 14}, "processing time": {"Preprocessing": 0.5982861518859863, "Detection": 2.269331455230713, "Postprocessing": 0.44368886947631836, "Tracking": 0.2351081371307373, "Counting": 0.04796123504638672}}, "kech17.mp4": {"counting": {"count_per_class": {"bicycle": 0.0, "car": 7.0, "motorcycle": 1.0, "bus": 0.0, "truck": 1.0}, "total_count": 9}, "processing time": {"Preprocessing": 0.31903672218322754, "Detection": 1.6878681182861328, "Postprocessing": 0.23963665962219238, "Tracking": 0.1096048355102539, "Counting": 0.01953411102294922}}, "kech18.mp4": {"counting": {"count_per_class": {"bicycle": 1.0, "car": 2.0, "motorcycle": 4.0, "bus": 0.0, "truck": 0.0}, "total_count": 7}, "processing time": {"Preprocessing": 0.2875640392303467, "Detection": 0.9786152839660645, "Postprocessing": 0.21422457695007324, "Tracking": 0.07465910911560059, "Counting": 0.046045780181884766}}, "kech19.mp4": {"counting": {"count_per_class": {"bicycle": 1.0, "car": 10.0, "motorcycle": 4.0, "bus": 0.0, "truck": 0.0}, "total_count": 15}, "processing time": {"Preprocessing": 0.5557997226715088, "Detection": 1.6940388679504395, "Postprocessing": 0.3712327480316162, "Tracking": 0.4031333923339844, "Counting": 0.04499411582946777}}, "kech20.mp4": {"counting": {"count_per_class": {"bicycle": 3.0, "car": 10.0, "motorcycle": 4.0, "bus": 2.0, "truck": 0.0}, "total_count": 19}, "processing time": {"Preprocessing": 0.5662786960601807, "Detection": 1.9954383373260498, "Postprocessing": 0.43723225593566895, "Tracking": 0.4540565013885498, "Counting": 0.051133155822753906}}, "kech21.mp4": {"counting": {"count_per_class": {"bicycle": 0.0, "car": 4.0, "motorcycle": 2.0, "bus": 1.0, "truck": 0.0}, "total_count": 7}, "processing time": {"Preprocessing": 0.38393521308898926, "Detection": 0.7757358551025391, "Postprocessing": 0.20191550254821777, "Tracking": 0.09353351593017578, "Counting": 0.03107476234436035}}, "kech22.mp4": {"counting": {"count_per_class": {"bicycle": 0.0, "car": 2.0, "motorcycle": 0.0, "bus": 0.0, "truck": 0.0}, "total_count": 2}, "processing time": {"Preprocessing": 0.1602325439453125, "Detection": 0.42221951484680176, "Postprocessing": 0.11001372337341309, "Tracking": 0.04010343551635742, "Counting": 0.010005474090576172}}, "kech23.mp4": {"counting": {"count_per_class": {"bicycle": 0.0, "car": 10.0, "motorcycle": 0.0, "bus": 1.0, "truck": 0.0}, "total_count": 11}, "processing time": {"Preprocessing": 1.618762731552124, "Detection": 2.9152610301971436, "Postprocessing": 0.5967652797698975, "Tracking": 0.3625187873840332, "Counting": 0.09114527702331543}}, "kech24.mp4": {"counting": {"count_per_class": {"bicycle": 0.0, "car": 39.0, "motorcycle": 7.0, "bus": 0.0, "truck": 3.0}, "total_count": 49}, "processing time": {"Preprocessing": 0.6594738960266113, "Detection": 2.8302011489868164, "Postprocessing": 0.5819008350372314, "Tracking": 0.5620412826538086, "Counting": 0.05003523826599121}}, "kech25.mp4": {"counting": {"count_per_class": {"bicycle": 2.0, "car": 28.0, "motorcycle": 3.0, "bus": 3.0, "truck": 3.0}, "total_count": 39}, "processing time": {"Preprocessing": 0.5318918228149414, "Detection": 2.0969204902648926, "Postprocessing": 0.5805697441101074,