{"kech2.mp4": {"counting": {"count_per_class": {"bicycle": 0.0, "car": 8.0, "motorcycle": 3.0, "bus": 0.0, "truck": 1.0}, "total_count": 12}, "processing time": {"Preprocessing": 2.287562847137451, "Detection": 4.7622926235198975, "Postprocessing": 1.441021203994751, "Tracking": 0.8074946403503418, "Counting": 0.11845254898071289}}, "kech3.mp4": {"counting": {"count_per_class": {"bicycle": 0.0, "car": 8.0, "motorcycle": 0.0, "bus": 0.0, "truck": 0.0}, "total_count": 8}, "processing time": {"Preprocessing": 1.4405667781829834, "Detection": 5.04598331451416, "Postprocessing": 1.2307569980621338, "Tracking": 0.7464492321014404, "Counting": 0.12081050872802734}}, "kech4.mp4": {"counting": {"count_per_class": {"bicycle": 0.0, "car": 8.0, "motorcycle": 2.0, "bus": 0.0, "truck": 0.0}, "total_count": 10}, "processing time": {"Preprocessing": 2.7436790466308594, "Detection": 6.001128911972046, "Postprocessing": 1.5598626136779785, "Tracking": 0.9318835735321045, "Counting": 0.17029738426208496}}, "kech5.mp4": {"counting": {"count_per_class": {"bicycle": 0.0, "car": 4.0, "motorcycle": 0.0, "bus": 1.0, "truck": 0.0}, "total_count": 5}, "processing time": {"Preprocessing": 2.0568530559539795, "Detection": 7.803506851196289, "Postprocessing": 1.8898227214813232, "Tracking": 1.029470443725586, "Counting": 0.19732189178466797}}, "kech6.mp4": {"counting": {"count_per_class": {"bicycle": 1.0, "car": 0.0, "motorcycle": 1.0, "bus": 0.0, "truck": 0.0}, "total_count": 2}, "processing time": {"Preprocessing": 0.19718432426452637, "Detection": 1.3218088150024414, "Postprocessing": 0.24813032150268555, "Tracking": 0.09357261657714844, "Counting": 0.027613401412963867}}, "kech7.mp4": {"counting": {"count_per_class": {"bicycle": 1.0, "car": 11.0, "motorcycle": 6.0, "bus": 1.0, "truck": 1.0}, "total_count": 20}, "processing time": {"Preprocessing": 2.6676557064056396, "Detection": 12.703454494476318, "Postprocessing": 2.6447975635528564, "Tracking": 0.8590548038482666, "Counting": 0.30072021484375}}, "kech8.mp4": {"counting": {"count_per_class": {"bicycle": 0.0, "car": 10.0, "motorcycle": 8.0, "bus": 0.0, "truck": 3.0}, "total_count": 21}, "processing time": {"Preprocessing": 2.8534202575683594, "Detection": 13.534180402755737, "Postprocessing": 2.9571306705474854, "Tracking": 1.0257878303527832, "Counting": 0.3197445869445801}}, "kech9.mp4": {"counting": {"count_per_class": {"bicycle": 2.0, "car": 11.0, "motorcycle": 8.0, "bus": 3.0, "truck": 0.0}, "total_count": 24}, "processing time": {"Preprocessing": 3.356245279312134, "Detection": 15.777819871902466, "Postprocessing": 3.8060035705566406, "Tracking": 2.0597140789031982, "Counting": 0.4217863082885742}}, "kech10.mp4": {"counting": {"count_per_class": {"bicycle": 0.0, "car": 8.0, "motorcycle": 3.0, "bus": 0.0, "truck": 0.0}, "total_count": 11}, "processing time": {"Preprocessing": 0.8192322254180908, "Detection": 4.909149646759033, "Postprocessing": 1.0445847511291504, "Tracking": 0.5706706047058105, "Counting": 0.12611842155456543}}, "kech11.mp4": {"counting": {"count_per_class": {"bicycle": 1.0, "car": 9.0, "motorcycle": 6.0, "bus": 0.0, "truck": 0.0}, "total_count": 16}, "processing time": {"Preprocessing": 2.5395290851593018, "Detection": 12.407000303268433, "Postprocessing": 2.2022018432617188, "Tracking": 0.833167552947998, "Counting": 0.31685614585876465}}, "kech12.mp4": {"counting": {"count_per_class": {"bicycle": 0.0, "car": 3.0, "motorcycle": 4.0, "bus": 0.0, "truck": 0.0}, "total_count": 7}, "processing time": {"Preprocessing": 0.7535946369171143, "Detection": 3.5770137310028076, "Postprocessing": 0.7649359703063965, "Tracking": 0.3575880527496338, "Counting": 0.10262012481689453}}, "kech13.mp4": {"counting": {"count_per_class": {"bicycle": 0.0, "car": 1.0, "motorcycle": 1.0, "bus": 0.0, "truck": 0.0}, "total_count": 2}, "processing time": {"Preprocessing": 0.36986446380615234, "Detection": 1.7317025661468506, "Postprocessing": 0.26814818382263184, "Tracking": 0.07571792602539062, "Counting": 0.0529940128326416}}, "kech14.mp4": {"counting": {"count_per_class": {"bicycle": 1.0, "car": 5.0, "motorcycle": 7.0, "bus": 0.0, "truck": 0.0}, "total_count": 13}, "processing time": {"Preprocessing": 1.667165756225586, "Detection": 8.040245056152344, "Postprocessing": 1.623429298400879, "Tracking": 0.5311343669891357, "Counting": 0.19124817848205566}}, "kech15.mp4": {"counting": {"count_per_class": {"bicycle": 0.0, "car": 3.0, "motorcycle": 8.0, "bus": 1.0, "truck": 1.0}, "total_count": 13}, "processing time": {"Preprocessing": 1.2430284023284912, "Detection": 6.1053783893585205, "Postprocessing": 1.33380126953125, "Tracking": 0.6216945648193359, "Counting": 0.15038418769836426}}, "kech16.mp4": {"counting": {"count_per_class": {"bicycle": 3.0, "car": 7.0, "motorcycle": 7.0, "bus": 0.0, "truck": 4.0}, "total_count": 21}, "processing time": {"Preprocessing": 3.4239485263824463, "Detection": 16.86382007598877, "Postprocessing": 3.1198630332946777, "Tracking": 1.1951379776000977, "Counting": 0.43607330322265625}}, "kech17.mp4": {"counting": {"count_per_class": {"bicycle": 0.0, "car": 7.0, "motorcycle": 3.0, "bus": 0.0, "truck": 1.0}, "total_count": 11}, "processing time": {"Preprocessing": 2.0185470581054688, "Detection": 9.256815910339355, "Postprocessing": 1.864774227142334, "Tracking": 0.6378207206726074, "Counting": 0.21908283233642578}}, "kech18.mp4": {"counting": {"count_per_class": {"bicycle": 1.0, "car": 2.0, "motorcycle": 4.0, "bus": 0.0, "truck": 0.0}, "total_count": 7}, "processing time": {"Preprocessing": 1.3577735424041748, "Detection": 6.636038303375244, "Postprocessing": 1.440584659576416, "Tracking": 0.5260446071624756, "Counting": 0.15744352340698242}}, "kech19.mp4": {"counting": {"count_per_class": {"bicycle": 2.0, "car": 10.0, "motorcycle": 11.0, "bus": 0.0, "truck": 0.0}, "total_count": 23}, "processing time": {"Preprocessing": 3.073775291442871, "Detection": 12.764710187911987, "Postprocessing": 3.2301185131073, "Tracking": 2.0181379318237305, "Counting": 0.3842024803161621}}, "kech20.mp4": {"counting": {"count_per_class": {"bicycle": 4.0, "car": 10.0, "motorcycle": 11.0, "bus": 2.0, "truck": 0.0}, "total_count": 27}, "processing time": {"Preprocessing": 1.810875654220581, "Detection": 11.252274751663208, "Postprocessing": 2.882981538772583, "Tracking": 2.2045681476593018, "Counting": 0.3255043029785156}}, "kech21.mp4": {"counting": {"count_per_class": {"bicycle": 0.0, "car": 4.0, "motorcycle": 2.0, "bus": 1.0, "truck": 0.0}, "total_count": 7}, "processing time": {"Preprocessing": 1.3923404216766357, "Detection": 4.485486030578613, "Postprocessing": 1.0912806987762451, "Tracking": 0.6867854595184326, "Counting": 0.12258338928222656}}, "kech22.mp4": {"counting": {"count_per_class": {"bicycle": 0.0, "car": 2.0, "motorcycle": 0.0, "bus": 0.0, "truck": 0.0}, "total_count": 2}, "processing time": {"Preprocessing": 0.8713295459747314, "Detection": 2.31772780418396, "Postprocessing": 0.6167826652526855, "Tracking": 0.3120155334472656, "Counting": 0.06608057022094727}}, "kech23.mp4": {"counting": {"count_per_class": {"bicycle": 0.0, "car": 10.0, "motorcycle": 1.0, "bus": 1.0, "truck": 0.0}, "total_count": 12}, "processing time": {"Preprocessing": 6.863161087036133, "Detection": 16.56514835357666, "Postprocessing": 3.9782040119171143, "Tracking": 2.119028091430664, "Counting": 0.442202091217041}}, "kech24.mp4": {"counting": {"count_per_class": {"bicycle": 0.0, "car": 38.0, "motorcycle": 10.0, "bus": 0.0, "truck": 3.0}, "total_count": 51}, "processing time": {"Preprocessing": 2.8355488777160645, "Detection": 13.807370662689209, "Postprocessing": 3.7024309635162354, "Tracking": 3.01529860496521, "Counting": 0.44811415672302246}}, "kech25.mp4": {"counting": {"count_per_class": {"bicycle": 2.0, "car": 28.0, "motorcycle": 5.0, "bus": 3.0, "truck": 4.0}, "total_count": 42}, "processing time": {"Preprocessing": 3.8622210025787354, "Detection": 18.433626651763916, "Postprocessing": 3.3107008934020996,